{
  "formatVersion" : 1,
  "passTypeIdentifier" : "pass.com.stcpay.enventPass",
  "serialNumber" : "8j23fm3",
  "webServiceURL" : "https://example.com/passes/",
  "authenticationToken" : "vxwxd7J8AlNNFPS8k0a0FfUFtq0ewzFdc",
  "teamIdentifier" : "6KHN9ZMPBM",
  "relevantDate" : "2024-12-29T14:25-08:00",
  "locations" : [
{
      "longitude" : -122.3748889,
      "latitude" : 37.6189722
    },
    {
      "longitude" : -122.03118,
      "latitude" : 37.33182
    }
  ],
  "barcode" : {
    "message" : "BEGIN:VCARD\r\nVERSION:3.0\r\nN:Alhissan;Mohammed\r\nTITLE:Senior System Support Specialist\r\nORG:STCPAY\r\nURL:https://stcpay.com.sa\r\nEMAIL;TYPE=INTERNET:malhissan@stcpay.com.sa\r\nTEL;TYPE=voice,cell,pref:+966535747407\r\nEND:VCARD\r\n",
    "format" : "PKBarcodeFormatQR",
    "messageEncoding" : "UTF-8"
  },
 "organizationName" : "STC PAY",
  "description" : "STCPAY | Digital Business Card",
  "logoText" : "",
  "foregroundColor" : "rgb(255, 255, 255)",
  "backgroundColor" : "rgb(80, 11, 140)",
  "labelColor" : "rgb(255, 255, 255)",
  "generic" : {
    "primaryFields" : [
      {
        "key" : "member",
        "value" :"Mohammed Alhissan" }
    ],
    "secondaryFields" : [
      {
        "key" : "subtitle",
        "label" : "Title",
        "value" :"Senior System Support Specialist"   }
    ],
    "auxiliaryFields" : [
      {
        "key" : "level",
        "label" : "Email",
        "value" : "malhissan@stcpay.com.sa"  },
      {
        "key" : "favorite",
        "label" : "Mobile",
        "value" :"+966535747407",
        "textAlignment" : "PKTextAlignmentRight"
      }
    ],
    "backFields" : [
      {
        "dateStyle" : "PKDateStyleShort",
        "label" : "short date and time",
        "key" : "dateTime",
        "value" : "2030-05-07T10:00-05:00",
        "timeStyle" : "PKDateStyleShort"
      },
      {
        "dateStyle" : "PKDateStyleShort",
        "label" : "relative date",
        "key" : "relStyle",
        "value" : "2030-04-24T10:00-05:00",
        "isRelative" : true
      }
    ]
  }
}